m,n,z
3,3,8
3,4,10
3,5,12
3,6,14
3,7,16
3,8,18
3,9,20
3,10,22
3,11,24
3,12,26
3,13,28
3,14,30
3,15,32
3,16,34
3,17,36
3,18,38
3,19,40
3,20,42
3,21,44
3,22,46
3,23,48
4,4,13
4,5,16
4,6,18
4,7,21
4,8,24
4,9,26
4,10,28
4,11,30
4,12,32
4,13,34
4,14,36
4,15,38
4,16,40
4,17,42
4,18,44
4,19,46
4,20,48
4,21,50
4,22,52
4,23,54
5,5,20
5,6,22
5,7,25
5,8,28
5,9,30
5,10,33
5,11,36
5,12,38
5,13,41
5,14,44
5,15,46
5,16,49
5,17,52
5,18,54
5,19,57
5,20,60
5,21,62
5,22,64
5,23,66
6,6,26
6,7,29
6,8,32
6,9,36
6,10,39
6,11,42
6,12,45
6,13,48
6,14,50
6,15,53
6,16,56
6,17,58
6,18,61
6,19,64
6,20,66
6,21,69
6,22,72
6,23,74
7,7,33
7,8,37
7,9,40
7,10,44
7,11,47
7,12,50
7,13,53
7,14,56
7,15,60
7,16,63
7,17,66
7,18,69
7,19,72
7,20,75
7,21,78
7,22,81
7,23,84
8,8,42
8,9,45
8,10,50
8,11,53
8,12,57
8,13,60
8,14,64
8,15,67
8,16,70
8,17,74
8,18,77
8,19,81
8,20,84
8,21,87
8,22,90
8,23,94
9,9,49
9,10,54
9,11,59
9,12,64
9,13,67
9,14,70
9,15,73
9,16,77
9,17,81
9,18,85
9,19,89
9,20,93
9,21,96
9,22,100
10,10,60
10,11,64
10,12,68
10,13,73
10,14,77
10,15,81
10,16,85
10,17,90
10,18,94
10,19,98
10,20,102
11,11,69
11,12,74
11,13,80
11,14,84
11,15,88
11,16,92
11,17,96
11,18,101
11,21,116
12,12,80
12,13,86
12,14,91
12,15,96
12,16,99
12,22,132
13,13,92
13,14,98
13,15,104
13,16,107
14,14,105
14,15,112
14,16,115
15,15,120
15,16,123
16,16,128
