m,n,tan_value,tan_bold_exact,in_exact_table_csv,exact_table_value,status
3,3,8,1,1,8,EXACT_TAN
3,4,10,1,1,10,EXACT_TAN
3,5,12,1,1,12,EXACT_TAN
3,6,14,1,1,14,EXACT_TAN
3,7,16,1,1,16,EXACT_TAN
3,8,18,1,1,18,EXACT_TAN
3,9,20,1,1,20,EXACT_TAN
3,10,22,1,1,22,EXACT_TAN
3,11,24,1,1,24,EXACT_TAN
3,12,26,1,1,26,EXACT_TAN
3,13,28,1,1,28,EXACT_TAN
3,14,30,1,1,30,EXACT_TAN
3,15,32,1,1,32,EXACT_TAN
3,16,34,1,1,34,EXACT_TAN
3,17,36,1,1,36,EXACT_TAN
3,18,38,1,1,38,EXACT_TAN
3,19,40,1,1,40,EXACT_TAN
3,20,42,1,1,42,EXACT_TAN
3,21,44,1,1,44,EXACT_TAN
3,22,46,1,1,46,EXACT_TAN
3,23,48,1,1,48,EXACT_TAN
4,4,13,1,1,13,EXACT_TAN
4,5,16,1,1,16,EXACT_TAN
4,6,18,1,1,18,EXACT_TAN
4,7,21,1,1,21,EXACT_TAN
4,8,24,1,1,24,EXACT_TAN
4,9,26,1,1,26,EXACT_TAN
4,10,28,1,1,28,EXACT_TAN
4,11,30,1,1,30,EXACT_TAN
4,12,32,1,1,32,EXACT_TAN
4,13,34,1,1,34,EXACT_TAN
4,14,36,1,1,36,EXACT_TAN
4,15,38,1,1,38,EXACT_TAN
4,16,40,1,1,40,EXACT_TAN
4,17,42,1,1,42,EXACT_TAN
4,18,44,1,1,44,EXACT_TAN
4,19,46,1,1,46,EXACT_TAN
4,20,48,1,1,48,EXACT_TAN
4,21,50,1,1,50,EXACT_TAN
4,22,52,1,1,52,EXACT_TAN
4,23,54,1,1,54,EXACT_TAN
5,5,20,1,1,20,EXACT_TAN
5,6,22,1,1,22,EXACT_TAN
5,7,25,1,1,25,EXACT_TAN
5,8,28,1,1,28,EXACT_TAN
5,9,30,1,1,30,EXACT_TAN
5,10,33,1,1,33,EXACT_TAN
5,11,36,1,1,36,EXACT_TAN
5,12,38,1,1,38,EXACT_TAN
5,13,41,1,1,41,EXACT_TAN
5,14,44,1,1,44,EXACT_TAN
5,15,46,1,1,46,EXACT_TAN
5,16,49,1,1,49,EXACT_TAN
5,17,52,1,1,52,EXACT_TAN
5,18,54,1,1,54,EXACT_TAN
5,19,57,1,1,57,EXACT_TAN
5,20,60,1,1,60,EXACT_TAN
5,21,62,1,1,62,EXACT_TAN
5,22,64,1,1,64,EXACT_TAN
5,23,66,1,1,66,EXACT_TAN
6,6,26,1,1,26,EXACT_TAN
6,7,29,1,1,29,EXACT_TAN
6,8,32,1,1,32,EXACT_TAN
6,9,36,1,1,36,EXACT_TAN
6,10,39,1,1,39,EXACT_TAN
6,11,42,1,1,42,EXACT_TAN
6,12,45,1,1,45,EXACT_TAN
6,13,48,1,1,48,EXACT_TAN
6,14,50,1,1,50,EXACT_TAN
6,15,53,1,1,53,EXACT_TAN
6,16,56,1,1,56,EXACT_TAN
6,17,58,1,1,58,EXACT_TAN
6,18,61,1,1,61,EXACT_TAN
6,19,64,1,1,64,EXACT_TAN
6,20,66,1,1,66,EXACT_TAN
6,21,69,1,1,69,EXACT_TAN
6,22,72,1,1,72,EXACT_TAN
6,23,74,1,1,74,EXACT_TAN
7,7,33,1,1,33,EXACT_TAN
7,8,37,1,1,37,EXACT_TAN
7,9,40,1,1,40,EXACT_TAN
7,10,44,1,1,44,EXACT_TAN
7,11,47,1,1,47,EXACT_TAN
7,12,50,1,1,50,EXACT_TAN
7,13,53,1,1,53,EXACT_TAN
7,14,56,1,1,56,EXACT_TAN
7,15,60,1,1,60,EXACT_TAN
7,16,63,1,1,63,EXACT_TAN
7,17,66,1,1,66,EXACT_TAN
7,18,69,1,1,69,EXACT_TAN
7,19,72,1,1,72,EXACT_TAN
7,20,75,1,1,75,EXACT_TAN
7,21,78,1,1,78,EXACT_TAN
7,22,81,1,1,81,EXACT_TAN
7,23,84,1,1,84,EXACT_TAN
8,8,42,1,1,42,EXACT_TAN
8,9,45,1,1,45,EXACT_TAN
8,10,50,1,1,50,EXACT_TAN
8,11,53,1,1,53,EXACT_TAN
8,12,57,1,1,57,EXACT_TAN
8,13,60,1,1,60,EXACT_TAN
8,14,64,1,1,64,EXACT_TAN
8,15,67,1,1,67,EXACT_TAN
8,16,70,1,1,70,EXACT_TAN
8,17,74,1,1,74,EXACT_TAN
8,18,77,1,1,77,EXACT_TAN
8,19,81,1,1,81,EXACT_TAN
8,20,84,1,1,84,EXACT_TAN
8,21,87,1,1,87,EXACT_TAN
8,22,90,1,1,90,EXACT_TAN
8,23,94,1,1,94,EXACT_TAN
9,9,49,1,1,49,EXACT_TAN
9,10,54,1,1,54,EXACT_TAN
9,11,59,1,1,59,EXACT_TAN
9,12,64,1,1,64,EXACT_TAN
9,13,67,1,1,67,EXACT_TAN
9,14,70,1,1,70,EXACT_TAN
9,15,73,1,1,73,EXACT_TAN
9,16,77,1,1,77,EXACT_TAN
9,17,81,1,1,81,EXACT_TAN
9,18,85,1,1,85,EXACT_TAN
9,19,89,1,1,89,EXACT_TAN
9,20,93,1,1,93,EXACT_TAN
9,21,96,1,1,96,EXACT_TAN
9,22,100,1,1,100,EXACT_TAN
9,23,104,0,0,,OPEN_UB_ROMAN
10,10,60,1,1,60,EXACT_TAN
10,11,64,1,1,64,EXACT_TAN
10,12,68,1,1,68,EXACT_TAN
10,13,73,1,1,73,EXACT_TAN
10,14,77,1,1,77,EXACT_TAN
10,15,81,1,1,81,EXACT_TAN
10,16,85,1,1,85,EXACT_TAN
10,17,90,1,1,90,EXACT_TAN
10,18,94,1,1,94,EXACT_TAN
10,19,98,1,1,98,EXACT_TAN
10,20,102,1,1,102,EXACT_TAN
10,21,108,0,0,,OPEN_UB_ROMAN
10,22,112,0,0,,OPEN_UB_ROMAN
10,23,116,0,0,,OPEN_UB_ROMAN
11,11,69,1,1,69,EXACT_TAN
11,12,74,1,1,74,EXACT_TAN
11,13,80,1,1,80,EXACT_TAN
11,14,84,1,1,84,EXACT_TAN
11,15,88,1,1,88,EXACT_TAN
11,16,92,1,1,92,EXACT_TAN
11,17,96,1,1,96,EXACT_TAN
11,18,101,1,1,101,EXACT_TAN
11,19,109,0,0,,OPEN_UB_ROMAN
11,20,113,0,0,,OPEN_UB_ROMAN
11,21,117,0,1,116,EXACT_LATER
11,22,121,0,0,,OPEN_UB_ROMAN
11,23,125,0,0,,OPEN_UB_ROMAN
12,12,80,1,1,80,EXACT_TAN
12,13,86,1,1,86,EXACT_TAN
12,14,91,1,1,91,EXACT_TAN
12,15,96,1,1,96,EXACT_TAN
12,16,99,1,1,99,EXACT_TAN
12,17,108,0,0,,OPEN_UB_ROMAN
12,18,113,0,0,,OPEN_UB_ROMAN
12,19,118,0,0,,OPEN_UB_ROMAN
12,20,122,0,0,,OPEN_UB_ROMAN
12,21,127,0,0,,OPEN_UB_ROMAN
12,22,132,0,1,132,EXACT_LATER
12,23,136,0,0,,OPEN_UB_ROMAN
13,13,92,1,1,92,EXACT_TAN
13,14,98,1,1,98,EXACT_TAN
13,15,104,1,1,104,EXACT_TAN
13,16,107,1,1,107,EXACT_TAN
13,17,117,0,0,,OPEN_UB_ROMAN
13,18,122,0,0,,OPEN_UB_ROMAN
13,19,126,0,0,,OPEN_UB_ROMAN
13,20,131,0,0,,OPEN_UB_ROMAN
13,21,136,0,0,,OPEN_UB_ROMAN
13,22,140,0,0,,OPEN_UB_ROMAN
13,23,145,0,0,,OPEN_UB_ROMAN
14,14,105,1,1,105,EXACT_TAN
14,15,112,1,1,112,EXACT_TAN
14,16,115,1,1,115,EXACT_TAN
14,17,125,0,0,,OPEN_UB_ROMAN
14,18,130,0,0,,OPEN_UB_ROMAN
14,19,136,0,0,,OPEN_UB_ROMAN
14,20,141,0,0,,OPEN_UB_ROMAN
14,21,146,0,0,,OPEN_UB_ROMAN
14,22,151,0,0,,OPEN_UB_ROMAN
14,23,155,0,0,,OPEN_UB_ROMAN
15,15,120,1,1,120,EXACT_TAN
15,16,123,1,1,123,EXACT_TAN
15,17,134,0,0,,OPEN_UB_ROMAN
15,18,139,0,0,,OPEN_UB_ROMAN
15,19,144,0,0,,OPEN_UB_ROMAN
15,20,150,0,0,,OPEN_UB_ROMAN
15,21,155,0,0,,OPEN_UB_ROMAN
15,22,160,0,0,,OPEN_UB_ROMAN
15,23,166,0,0,,OPEN_UB_ROMAN
16,16,128,1,1,128,EXACT_TAN
16,17,142,0,0,,OPEN_UB_ROMAN
16,18,148,0,0,,OPEN_UB_ROMAN
16,19,154,0,0,,OPEN_UB_ROMAN
16,20,160,0,0,,OPEN_UB_ROMAN
16,21,165,0,0,,OPEN_UB_ROMAN
16,22,170,0,0,,OPEN_UB_ROMAN
16,23,176,0,0,,OPEN_UB_ROMAN
